-- Adminer 4.7.1 PostgreSQL dump

INSERT INTO "m_group" ("group_id", "group_name", "updated_at", "password", "open_time", "close_time", "area_id", "token") VALUES
(1,	'グループ１',	'2019-05-07 15:19:00',	'12345678',	'10:00:00',	'20:00:00',	'[1]',	'');

INSERT INTO "m_leave" ("leave_id", "leave_name", "paid_percent", "prove_flg", "group_id", "leave_amount_flg", "leave_days", "updated_at") VALUES
(12,	'育児',	60,	0,	1,	0,	1,	'2020-05-10 02:54:58.232409'),
(14,	'生理',	50,	1,	1,	0,	1,	'2020-05-10 02:54:58.232409'),
(9,	'有休休暇',	100,	0,	1,	1,	0,	'2020-05-10 02:54:58.232409'),
(11,	'慶弔',	100,	1,	1,	0,	1,	'2020-05-10 02:54:58.232409'),
(13,	'誕生日',	100,	0,	1,	0,	1,	'2020-05-10 02:54:58.232409');

INSERT INTO "m_menu" ("menu_id", "menu_name", "group_id", "updated_at") VALUES
(5,	'トリートメント',	1,	'2020-05-12 09:13:43.506478'),
(6,	'パーマ',	1,	'2020-05-12 09:13:43.506478'),
(4,	'カラー',	1,	'2020-05-12 09:13:43.506478'),
(1,	'カット',	1,	'2020-05-12 09:13:43.506478'),
(2,	'カットとパーマ',	1,	'2020-05-30 07:17:48.00385'),
(8,	'エクステ',	1,	'2020-05-12 09:13:43.506478'),
(9,	'ヘアセット',	1,	'2020-05-12 09:13:43.506478'),
(7,	'縮毛矯正',	1,	'2020-05-12 09:13:43.506478');

INSERT INTO "m_menu_necessary" ("menu_necessary_id", "menu_id", "service_id", "facility_id", "start_minute", "end_minute", "updated_at") VALUES
(61,	5,	9,	16,	0,	20,	'2020-05-30 06:45:52.74225'),
(65,	6,	2,	15,	0,	40,	'2020-05-30 06:49:54.706559'),
(66,	6,	9,	16,	40,	50,	'2020-05-30 06:49:54.706559'),
(67,	4,	6,	15,	0,	40,	'2020-05-30 06:51:39.786111'),
(72,	1,	1,	15,	0,	20,	'2020-05-30 07:22:34.177245'),
(73,	2,	1,	15,	50,	70,	'2020-05-30 07:22:51.960355'),
(74,	2,	2,	15,	0,	40,	'2020-05-30 07:22:51.960355'),
(75,	2,	9,	16,	40,	50,	'2020-05-30 07:22:51.960355'),
(77,	8,	8,	15,	0,	40,	'2020-05-30 07:26:36.443448'),
(79,	9,	5,	15,	0,	40,	'2020-05-30 07:28:23.701862'),
(81,	7,	7,	17,	0,	40,	'2020-05-30 07:31:16.791376'),
(82,	7,	7,	15,	0,	40,	'2020-05-30 07:31:16.791376');

INSERT INTO "m_service" ("service_id", "service_name", "updated_at", "area_id") VALUES
(2,	'パーマ',	'2020-02-20 02:11:04.076831',	1),
(1,	'カット',	'2020-02-19 03:03:17.275295',	1),
(3,	'ヘアメイク',	'2020-03-06 04:30:56.943459',	1),
(4,	'ヘッドスパ',	'2020-03-06 04:31:14.917386',	1),
(5,	'ヘアセット',	'2020-03-06 04:31:34.717109',	1),
(6,	'カラー',	'2020-03-06 04:31:49.376793',	1),
(7,	'縮毛矯正',	'2020-03-06 04:32:02.556618',	1),
(8,	'エクステ',	'2020-03-06 04:32:13.695185',	1),
(9,	'トリートメント',	'2020-03-06 04:32:25.496297',	1),
(10,	'デジタルパーマ',	'2020-03-06 04:35:43.992186',	1),
(11,	'ストレートパーマ',	'2020-03-06 04:37:08.853532',	1),
(12,	'cut',	'2020-03-06 04:38:32.316754',	2);

INSERT INTO "r_ability" ("usr_id", "service_id", "updated_at", "priority") VALUES
(1,	1,	'2020-05-11 06:44:56.750025',	0),
(1,	2,	'2020-05-11 06:44:56.750025',	0),
(1,	3,	'2020-05-11 06:44:56.750025',	0),
(1,	4,	'2020-05-11 06:44:56.750025',	0),
(1,	5,	'2020-05-11 06:44:56.750025',	0),
(1,	6,	'2020-05-11 06:44:56.750025',	0),
(1,	7,	'2020-05-11 06:44:56.750025',	0),
(1,	8,	'2020-05-11 06:44:56.750025',	0),
(1,	9,	'2020-05-11 06:44:56.750025',	0),
(1,	11,	'2020-05-11 06:44:56.750025',	0);

INSERT INTO "r_extra" ("extra_id", "extra_start", "extra_end", "dayoff_flg", "usr_id", "group_id", "extra_ratio", "over_flg", "hour_start", "updated_at") VALUES
(14,	'00:00:00',	'23:59:59',	1,	1,	1,	1.35,	0,	0,	'2020-04-22 05:37:52.911639'),
(1,	'00:00:00',	'10:00:00',	0,	1,	1,	1.25,	0,	0,	'2020-04-27 07:05:34.822756'),
(26,	NULL,	NULL,	0,	1,	1,	1.25,	1,	200,	'2020-05-18 11:09:11'),
(11,	'19:00:00',	'23:59:59',	0,	1,	1,	1.25,	0,	0,	'2020-04-16 13:39:49');

INSERT INTO "r_group_relate" ("group_relate_id", "group_id", "usr_id", "priority", "updated_at", "owner_flg") VALUES
(1,	1,	1,	0,	'2019-05-22 02:35:01.51627',	1);

INSERT INTO "r_routine" ("routine_id", "usr_id", "start_0", "end_0", "start_1", "end_1", "start_2", "end_2", "start_3", "end_3", "start_4", "end_4", "start_5", "end_5", "start_6", "end_6", "group_id", "fix_flg", "updated_at") VALUES
(2,	1,	'10:00:00',	'19:00:00',	NULL,	NULL,	'10:00:00',	'19:00:00',	'10:00:00',	'19:00:00',	'10:00:00',	'19:00:00',	'10:00:00',	'19:00:00',	'10:00:00',	'19:00:00',	1,	1,	'2020-05-11 11:20:22');

INSERT INTO "r_rule" ("usr_id", "group_id", "holiday_flg", "approver1", "approver2", "compensatory_within", "minimum_break", "break_minute", "wage", "currency", "updated_at", "compensatory_flg") VALUES
(1,	1,	0,	1,	1,	60,	6,	60,	1400,	1,	'2020-05-11 11:20:22',	0);

INSERT INTO "t_facility" ("facility_id", "facility_name", "updated_at", "amount", "group_id") VALUES
(17,	'デジタルパーマ',	'2020-02-14 21:24:16',	2,	1),
(16,	'シャンプー台',	'2020-02-14 15:40:50',	1,	1),
(15,	'席',	'2020-02-14 15:40:50',	2,	1);

INSERT INTO "t_leave_amount" ("usr_id", "enable_start", "enable_end", "grant_days", "used_days", "note", "updated_at", "leave_id") VALUES
(1,	'2020-01-01',	'2021-01-01',	15,	0,	'',	'2020-05-10 03:50:45',	9);

INSERT INTO "t_sync" ("sync_id", "usr_id", "sync_token", "updated_at") VALUES
(4,	38,	'edXHVw9q',	'2020-05-26 08:59:47');

INSERT INTO "t_usr" ("usr_id", "oauth_type", "oauth_id", "email", "usr_name", "created_at", "updated_at", "usr_name_mb", "password", "token") VALUES
(1,	3,	'',	'sample@sample.com',	'komatsu',	'2020-05-31 06:32:04',	'2020-05-31 06:32:04',	'komatsu',	'123456',	'12345');

INSERT INTO "c_link" ("link_id", "url", "ja", "en", "priority", "updated_at", "group_owner", "approver", "public") VALUES
(4,	'/Salon/Ability/edit/',	'自分の可能サービス',	'my available service',	10,	'2020-05-05 09:41:07.809436',	0,	0,	0),
(7,	'/Salon/Menu/index/',	'メニュー編集',	'edit menu',	10,	'2020-05-05 09:49:57.928342',	1,	0,	0),
(8,	'/Salon/Shift/regular/',	'シフト編集',	'edit shift',	10,	'2020-05-05 09:58:09.878063',	0,	0,	0),
(9,	'/Salon/ShiftManagement/index/',	'シフト管理',	'shift management',	10,	'2020-05-05 09:59:36.550159',	0,	0,	0),
(10,	'/Shift/Qrcode/index/',	'QRコード',	'QR code',	10,	'2020-05-07 02:30:23.009274',	1,	0,	0),
(11,	'/Shift/Routine/index/',	'シフト',	'shift',	10,	'2020-05-07 02:32:12.91457',	0,	0,	0),
(13,	'/Shift/TimeSheet/index/',	'勤怠表',	'shift sheet',	10,	'2020-05-07 02:51:19.251645',	0,	0,	0),
(14,	'/Auth/EmailLogin/index/',	'ログイン',	'sign in',	10,	'2020-05-07 06:19:18.883924',	0,	0,	1),
(12,	'/Shift/SheetDetail/index/2020-04/2/',	'シフト承認',	'approve shift',	10,	'2020-05-07 02:33:51.522402',	1,	0,	0),
(16,	'/Salon/Menu/index/',	'メニュー',	'menu',	10,	'2020-05-15 08:51:18.218166',	0,	0,	0),
(5,	'/Salon/Shop/edit/',	'ショップ編集',	'edit shop',	10,	'2020-05-05 09:42:35.156355',	0,	0,	0),
(15,	'/Auth/Setting/index/',	'設定',	'setting',	100,	'2020-05-07 06:20:32.099109',	0,	0,	0),
(17,	'/Shift/Extra/index/',	'残業設定',	'extra work',	10,	'2020-05-16 10:33:57.156652',	0,	1,	0),
(6,	'/Salon/Cancel/index/',	'キャンセル処理',	'cancel',	10,	'2020-05-05 09:43:39.654973',	0,	0,	0),
(3,	'/Calendar/Schedule/index/',	'スケジュール登録',	'add schedule',	1,	'2020-05-05 08:19:22.283687',	0,	0,	0);
-- 2020-05-31 08:14:42.209757+03